name_id,ent_name,article_id,press_n_mentions,press_n_mentions_lefigaro,press_n_mentions_lemonde,press_n_mentions_liberation,press_n_mentions_telerama
3,mozart,87,1633,308,367,425,533
7,bowie,125,1110,89,221,659,141
9,universal,24,1008,57,96,246,609
10,liberation,870,993,13,31,934,15
14,youtube,1219,981,57,295,602,27
15,debussy,7,867,119,211,228,309
16,hugo cassavetti,193,805,0,0,0,805
18,ravel,7,703,118,181,215,189
20,wagner,161,664,207,121,208,128
21,valerie lehoux,1170,663,1,2,4,656
22,harmonia mundi,14,654,13,66,57,518
26,chopin,128,636,79,158,277,122
29,spotify,5274,595,15,300,279,1
30,berlioz,82,593,164,174,118,137
32,schubert,35,580,77,110,174,219
37,gilles macassar,14,555,0,1,0,554
39,sony,30,549,40,112,187,210
42,opera de paris,384,511,180,137,157,37
43,gainsbourg,22,497,66,105,218,108
46,twitter,2008,491,23,133,329,6
47,dieu,592,488,34,117,244,93
48,anne berthod,2786,488,0,0,0,488
49,stones,227,484,98,83,186,117
50,facebook,2194,491,22,165,294,10
51,warner,9,480,83,48,142,207
54,sylvain siclier,48439,448,0,448,0,0
57,bashung,57,440,52,73,218,97
58,liszt,7,433,66,109,122,136
59,francois gorin,3,430,1,0,0,429
60,libe,2229,427,0,3,422,2
61,schumann,49,424,51,91,108,174
62,emi,15,425,13,52,114,246
63,verdi,89,412,104,134,69,105
64,boulez,51,406,85,119,174,28
71,brassens,78,387,67,91,153,76
72,festival,39,639,126,240,253,20
74,michel contat,8,368,0,1,1,366
76,mahler,82,368,102,69,61,136
77,stravinsky,232,366,94,66,86,120
78,xixe,302,366,95,85,115,71
82,afp,13499,358,5,34,319,0
83,pias,47,471,56,72,64,279
86,francais,332,353,53,75,175,50
88,radio france,110,344,107,109,90,38
90,eliane azoulay,4,420,0,0,0,420
92,laurent rigoulet,43,336,0,0,4,332
94,ircam,1059,326,28,151,100,47
95,sophie bourdais,2789,323,0,0,0,323
97,mccartney,108,318,58,108,101,51
101,erwan perron,1375,311,0,0,0,311
105,rameau,169,307,59,79,61,108
108,bbc,345,306,30,87,155,34
109,haydn,109,299,27,53,67,152
113,grammy awards,1960,300,33,124,131,12
115,anglais,353,293,39,40,172,42
117,brel,1,290,32,81,97,80
121,haendel,14,286,53,68,79,86
122,mp3,886,316,4,32,256,24
125,new morning,8,284,4,74,182,24
127,coltrane,246,276,8,106,83,79
129,tchaikovski,161,278,57,77,99,45
132,rens,1410,270,21,0,245,4
133,messiaen,417,269,96,65,66,42
134,printemps de bourges,141,290,29,111,129,21
135,patrick labesse,48439,264,0,264,0,0
138,hendrix,227,260,13,42,160,45
148,chostakovitch,220,251,32,73,85,61
150,rachmaninov,1877,250,50,68,103,29
151,deutsche grammophon,927,250,43,65,91,51
152,vivaldi,653,249,51,52,93,53
154,covid 19,2822,244,14,190,34,6
156,sony music,59,243,59,74,48,62
157,pierre gervasoni,4914,240,1,234,4,1
158,springsteen,2,240,34,54,109,43
159,blue note,29,241,17,61,86,77
162,aznavour,52,238,25,61,118,34
163,opera comique,1456,330,114,97,94,25
164,franck colombani,49005,236,0,236,0,0
168,saint saens,557,243,65,73,69,36
169,apple,108,237,11,80,129,17
170,decca,157,233,28,52,61,92
171,louis julien nicolaou,2792,233,0,0,0,233
174,john,108,233,21,33,126,53
176,bob marley,61,229,6,68,107,48
181,itunes,1411,235,12,40,179,4
185,universal music,920,227,101,82,34,10
186,eurovision,515,223,21,59,130,13
187,marie aude roux,48468,221,0,221,0,0
188,france musique,1169,222,78,35,63,46
189,don giovanni,12,218,64,36,85,33
190,net,309,221,5,17,167,32
193,prokofiev,172,214,38,64,67,45
194,deezer,10230,214,5,71,138,0
196,ferre,59,212,15,58,68,71
197,lombards,882,212,1,11,197,3
202,met,1194,212,43,49,108,12
206,victoires de musique,467,226,43,87,81,15
207,orphee,103,206,35,39,68,64
208,melisande,183,208,40,56,55,57
209,daho,531,204,17,42,112,33
212,motown,223,202,22,40,105,35
215,rossini,1177,199,58,63,54,24
216,pitchfork,2008,200,3,35,161,1
220,monde,2230,364,4,306,47,7
222,hellfest,4875,200,8,93,90,9
227,sacem,115,197,35,46,108,8
228,polydor,1,193,16,48,61,68
230,pleyel,1049,192,48,21,80,43
235,pelleas,183,198,49,57,57,35
237,barclay,59,189,23,42,84,40
238,strauss,82,189,60,37,54,38
241,trump,5762,188,11,64,99,14
242,columbia,73,188,38,49,56,45
243,schoenberg,417,186,10,41,68,67
244,ecm,299,185,6,64,57,58
247,orient,216,184,22,58,54,50
250,carmen,499,187,57,53,49,28
259,zappa,40,179,12,97,58,12
268,france inter,1884,175,17,37,105,16
274,britten,441,172,25,18,71,58
280,cohen,818,171,13,46,92,20
281,new york times,888,176,12,42,109,13
285,billboard,2008,170,3,77,87,3
286,instagram,3067,169,8,65,93,3
287,sbo,2802,168,0,0,0,168
291,orchestre national de france,256,174,55,46,31,42
297,requiem,520,206,33,62,49,62
299,ntm,391,164,15,45,78,26
300,karajan,82,163,57,40,27,39
306,velvet,1164,164,8,28,100,28
309,philharmonie,268,166,65,41,55,5
313,stephane davet,48439,160,0,160,0,0
316,mendelssohn,312,159,34,40,51,34
321,lully,379,158,14,28,25,91
322,brexit,3355,158,27,44,76,11
325,higelin,442,159,6,21,89,43
329,marie,417,157,30,31,64,32
330,poulenc,557,158,34,39,25,60
331,shakespeare,180,156,33,25,60,38
332,sinatra,824,156,15,36,67,38
334,lequel,534,160,8,76,59,17
335,bruckner,82,155,49,35,19,52
339,telerama,40,154,2,14,26,112
340,michel contat | 1,3853,228,0,0,0,228
342,souchon,6,153,19,35,53,46
344,parsifal,872,152,58,33,28,33
347,gluck,180,154,23,39,41,51
350,philippe barbot,17,150,1,2,1,146
354,arte,882,149,24,39,55,31
355,bartok,6977,271,47,72,88,64
357,xviie,14,150,26,43,29,52
360,warp,474,148,2,13,118,15
362,r'n'b,630,277,9,124,44,100
365,rca,10,146,13,37,51,45
371,donald trump,5923,145,14,82,46,3
375,bref,7724,144,143,0,1,0
382,stockhausen,417,142,17,36,66,23
390,young,17,141,26,47,17,51
397,academie,336,140,27,40,61,12
402,toile,2008,140,8,49,60,23
405,puccini,428,138,39,45,31,23
406,opera de lyon,1169,140,62,32,29,17
411,piaf,837,140,19,31,55,35
412,rolling stone,1306,137,8,42,85,2
414,murat,531,137,13,18,72,34
416,mtv,467,136,3,25,97,11
418,soundsystem,690,136,5,26,90,15
421,metropolitan opera,743,137,19,59,45,14
423,ndlr,1231,135,91,1,33,10
424,cd naive,105,135,2,1,0,132
425,gershwin,129,133,19,23,58,33
426,baudelaire,157,133,11,31,46,45
427,pygmalion,410,134,35,33,37,29
428,faure,1431,132,20,25,32,55
433,l'autre distribution,181,183,0,24,2,157
438,romeo,74,141,38,37,33,33
439,ligeti,51,130,15,32,52,31
447,bernstein,298,129,37,19,33,40
448,jesus,259,144,5,27,77,35
450,socadisc,155,128,0,12,3,113
452,tsugi,4721,128,0,2,124,2
453,lemmy,1292,128,1,9,100,18
459,inrocks,1766,152,2,22,127,1
462,frederic peguillan,115,125,0,0,3,122
463,elvis,1458,125,8,12,88,17
464,marquis de sade,2543,127,11,28,82,6
467,pierre,667,125,13,27,57,28
468,trenet,329,133,13,49,43,28
474,breton,15,139,7,29,90,13
476,world,25,138,2,9,80,47
477,erato,264,151,42,59,30,20
487,barack obama,2038,122,9,34,68,11
488,tf1,107,121,11,18,86,6
494,stephanie binet,22738,121,0,116,5,0
495,world music,83,124,5,23,86,10
497,french touch,3007,230,27,63,125,15
502,dutilleux,2166,118,17,28,50,23
506,ensemble intercontemporain,1033,143,25,50,46,22
508,duc lombards,117,120,2,48,65,5
510,fete de musique,2113,126,17,53,55,1
511,obama,2080,117,4,19,82,12
518,odile de plas,2794,115,0,1,0,114
532,monteverdi,14,114,16,29,31,38
541,philips,54,112,12,47,34,19
543,ma mere,1766,113,18,45,31,19
547,flute enchantee,384,126,46,31,16,33
550,rimbaud,175,111,7,29,51,24
554,symphonie,137,113,25,34,24,30
555,bluetooth,31906,111,0,100,11,0
558,jean sebastien bach,35,111,19,35,22,35
559,mingus,374,110,0,65,29,16
565,polnareff,652,109,14,27,40,28
571,grammy,2741,108,6,30,66,6
572,maitre gims,6355,107,10,36,58,3
575,katerine,1285,107,14,8,61,24
576,eurockeennes,10863,108,3,27,78,0
582,rolling,1333,108,2,26,73,7
583,christ,222,107,8,23,43,33
585,michael,930,108,4,21,62,21
586,nougaro,733,105,12,44,27,22
587,stax,24,105,10,19,46,30
588,noirs,3648,105,3,29,63,10
589,stravinski,6402,105,2,21,81,1
590,stephane lissner,1221,105,43,35,25,2
593,purcell,1130,104,19,30,26,29
595,figaro,5006,187,149,17,17,4
596,donizetti,1352,104,24,49,19,12
598,gergiev,3613,104,26,5,71,2
599,seconde guerre mondiale,83,141,22,35,60,24
600,blancs,1195,105,5,22,60,18
601,jeremie rhorer,1214,104,17,13,46,28
604,born bad,3009,103,1,3,88,11
605,ministre de culture,1471,107,28,3,70,6
606,chris,696,104,20,23,56,5
607,atlantic,1217,106,5,28,50,23
608,massenet,1451,103,25,29,40,9
611,andy warhol,84,102,14,24,51,13
612,guillaume perret,4311,102,1,36,59,6
613,eurydice,884,103,13,22,41,27
614,live nation,15252,102,6,37,59,0
617,sgt,287,103,6,43,41,13
619,lohengrin,355,102,37,27,25,13
621,transmusicales,453,113,0,5,106,2
637,rigoletto,872,102,34,26,35,7
641,elektra,312,99,31,18,24,26
644,grammy award,395,98,4,48,38,8
646,rtl,8156,98,18,23,57,0
651,iggy,1242,98,5,23,53,17
652,bob wilson,225,98,30,4,53,11
653,source afp,19887,97,0,0,97,0
654,guardian,1934,157,6,28,116,7
657,cd harmonia mundi,7,98,2,0,0,96
662,gounod,2052,98,34,38,13,13
665,kassav,2165,96,1,44,50,1
668,emmanuel tellier,15,96,0,0,0,96
670,scarlatti,7,96,15,21,30,30
674,couperin,411,98,6,23,32,37
676,satie,700,96,9,22,44,21
677,usb,1884,96,0,65,27,4
684,blackstar,2038,96,3,39,43,11
686,alain,447,95,18,30,38,9
691,serge,61,94,18,19,53,4
696,abbey road,1095,94,12,34,39,9
697,lire,438,94,3,56,25,10
704,bizet,220,93,22,27,21,23
705,george,108,94,16,22,43,13
710,histoire,245,97,22,27,22,26
711,moise,994,92,11,35,35,11
715,clapton,75,93,19,15,47,12
716,tour,450,93,10,25,40,18
721,jagger,1054,92,25,19,27,21
722,warner music,1219,93,30,45,12,6
725,maroquinerie,3427,121,8,19,90,4
726,tidal,4872,90,4,48,37,1
734,olivier py,371,90,27,17,28,18
737,martin luther king,283,90,10,24,41,15
739,sunn o,3390,89,2,4,73,10
742,aida,39,115,36,45,24,10
743,simon,171,90,14,10,48,18
744,thomas,1260,89,20,21,37,11
747,mercury,636,89,15,17,22,35
751,solidays,3559,89,7,19,60,3
752,purple rain,2988,88,10,31,41,6
753,sacre du printemps,1288,129,31,19,34,45
754,rick rubin,318,88,14,23,35,16
755,apple music,10394,88,4,52,32,0
756,thriller,1350,88,6,20,46,16
758,laurent bayle,1462,91,46,15,26,4
760,conservatoire de paris,1197,88,14,44,22,8
762,differ ant,1257,150,2,8,24,116
763,ziggy stardust,963,91,13,18,53,7
766,prevert,149,89,8,40,17,24
767,philharmonique de berlin,1163,89,56,0,30,3
769,didon,492,87,14,30,18,25
770,4ad,1081,87,5,8,57,17
772,rene martin,1884,87,35,40,8,4
775,katie mitchell,5956,88,19,27,35,7
777,pedro winter,1411,87,10,13,59,5
780,codaex,180,89,0,0,0,89
781,google,1219,86,3,22,60,1
785,janacek,139,100,29,21,38,12
786,west side story,510,87,18,16,35,18
790,ian curtis,1483,86,3,10,66,7
800,beggars,1081,85,12,7,22,44
801,picasso,344,85,29,17,19,20
803,ed banger,1411,85,4,16,57,8
804,traviata,406,153,47,51,26,29
808,parlophone,524,84,26,13,22,23
809,reine,1099,96,12,34,35,15
813,james murphy,690,84,4,10,57,13
815,iphone,7187,85,6,26,52,1
816,cannes,1496,86,19,14,46,7
819,verlaine,14,84,5,15,37,27
820,matthieu chedid,1006,98,22,26,40,10
821,warner classics,564,84,24,32,9,19
823,france 2,1197,84,15,30,35,4
826,covid,6828,84,31,25,26,2
827,ministere de culture,1020,120,20,37,56,7
830,dutronc,410,84,13,21,30,20
831,jackson,429,83,8,6,54,15
832,fred,519,83,11,16,34,22
833,cd polydor,57,83,0,0,0,83
835,parker,376,83,18,11,30,24
837,pierre audi,371,84,27,19,23,15
848,festival de salzbourg,3421,119,40,41,10,28
851,netflix,2881,82,16,16,47,3
857,infine,3225,93,0,2,76,15
860,sonos,38760,80,0,77,3,0
863,resurrection,839,88,8,10,5,65
866,gibson,4410,80,21,18,38,3
868,bachar mar khalife,5002,84,1,29,45,9
878,avez vous besoin de musique,38119,80,0,0,80,0
879,francofolies de rochelle,2229,90,23,18,47,2
885,fnac,928,85,7,17,53,8
887,concerto pour violon,1008,79,12,28,27,12
889,john adams,626,79,25,13,33,8
890,sony classical,2828,79,25,21,24,9
892,proust,644,80,13,15,44,8
894,white,1787,79,7,8,37,27
899,jeanne,1006,78,16,24,25,13
902,joelle leandre,4574,78,0,49,24,5
903,pompidou,1034,78,11,22,37,8
905,preludes,183,80,5,19,28,28
907,callas,1349,83,22,13,31,17
910,otello,1352,78,21,30,19,8
911,james bond,251,78,4,27,35,12
916,unesco,2415,77,13,21,36,7
921,cabaret sauvage,3790,90,1,15,70,4
922,victoires,3142,86,14,21,49,2
926,aragon,149,77,11,20,29,17
934,records,342,76,2,23,19,32
942,robert carsen,1238,79,26,13,31,9
953,voulzy,294,75,14,31,22,8
957,albums,1156,77,1,11,46,19
958,opera de vienne,901,80,24,23,13,20
960,lionel,517,75,8,23,24,20
961,amadou,25,74,2,10,42,20
967,amazon,6283,74,4,50,19,1
970,franco,94,75,0,19,50,6
973,symphonie fantastique,268,77,13,20,20,24
974,orfeo,598,73,5,22,20,26
975,sibelius,1625,83,15,20,32,16
976,piano,1352,78,15,24,28,11
977,nuits sonores,5087,95,0,11,83,1
979,radio nova,2350,74,3,19,42,10
983,cd virgin,6,73,0,0,0,73
985,moyen orient,1681,74,3,27,31,13
987,mariam,25,74,2,10,43,19
988,disquaire day,3087,75,7,15,43,10
990,nicolas sarkozy,1219,72,4,17,49,2
993,francois hollande,7923,73,9,20,44,0
994,album,1201,76,10,22,26,18
995,schonberg,2029,72,31,10,26,5
1000,peter sellars,320,73,23,13,20,17
1001,cd sony,329,72,0,0,0,72
1003,lauryn hill,819,73,4,16,42,11
1008,nuits de fourviere,2553,92,26,45,17,4
1009,aacm,2108,71,0,17,52,2
1012,bouffes du nord,1825,82,28,16,35,3
1016,flute,2311,82,21,7,46,8
1019,noel gallagher,1224,74,10,23,38,3
1024,francis marmande,374,71,1,62,4,4
1034,conservatoire,97,70,17,23,14,16
1036,delerm,340,71,8,12,17,34
1038,pascal dusapin,2974,69,17,33,11,8
1039,patrice chereau,1402,69,21,18,16,14
1040,nme,4157,69,2,9,56,2
1041,alpha classics,2808,69,0,25,14,30
1042,louis langree,492,70,20,18,11,21
1047,will oldham,625,71,1,5,35,30
1049,skyrock,6881,69,3,20,45,1
1054,get lucky,7952,71,11,13,46,1
1056,ninja tune,3200,69,0,4,52,13
1057,keith,3471,69,17,15,28,9
1059,cocteau,1332,69,14,14,24,17
1063,cabrel,273,68,7,8,37,16
1064,tony visconti,390,68,3,25,30,10
1066,sub pop,72,69,5,13,39,12
1068,richard,355,70,14,11,30,15
1069,auto tune,3415,76,1,4,63,8
1072,pete doherty,1173,68,7,12,38,11
1073,cd barclay,98,68,0,0,0,68
1074,nonesuch,450,68,7,6,6,49
1076,festival jazz,174,76,2,45,24,5
1077,vian,149,68,8,23,16,21
1078,nevermind,762,68,5,7,50,6
1080,tristan & isolde,335,69,28,12,19,10
1085,francois,8,80,10,28,31,11
1090,abbado,839,67,26,12,11,18
1092,supersonic,3347,67,2,39,19,7
1093,einstein,2104,67,7,12,45,3
1095,noces de figaro,800,119,21,39,30,29
1096,berio,91,67,5,14,33,15
1098,norma,1349,70,12,13,36,9
1099,cd ecm,67,67,0,1,0,66
1105,kaufmann,7875,67,27,8,32,0
1106,deuxieme,433,68,11,31,14,12
1114,bad seeds,102,74,9,15,25,25
1118,adam,408,66,13,14,28,11
1121,harnoncourt,1376,66,22,6,28,10
1123,jean louis brossard,1932,66,6,11,48,1
1124,cbs,1218,66,5,13,32,16
1126,we love green,17966,69,2,37,29,1
1127,jp nataf,938,69,4,19,26,20
1128,nicolas,1013,66,7,15,38,6
1132,kevin parker,2804,66,3,40,18,5
1133,nouvelle star,3450,83,12,10,50,11
1137,tard,340,66,16,8,15,27
1138,space oddity,1019,65,5,17,35,8
1139,because music,307,67,23,9,27,8
1147,kanye,3050,65,1,5,52,7
1150,cd warner,262,65,0,1,0,64
1153,glass,944,65,4,7,52,2
1154,random access memories,2809,66,11,10,44,1
1155,festival de paques,2750,81,31,20,21,9
1158,favart,1608,64,18,5,16,25
1159,philippe,3511,64,20,20,22,2
1160,bojan z,25,65,1,23,30,11
1161,bruno messina,5754,65,37,20,3,5
1164,heroes,1155,65,4,18,38,5
1169,dudamel,1471,64,31,11,17,5
1170,mimi,3425,65,9,14,38,4
1171,star wars,4852,67,6,16,41,4
1172,trifonov,2924,64,3,16,39,6
1175,boheme,1332,73,28,30,10,5
1185,musica,2154,69,18,25,21,5
1186,lavilliers,59,63,2,24,21,16
1187,quatuor,218,67,20,12,16,19
1193,def jam,1237,63,0,20,34,9
1199,lonely hearts club band,287,63,5,24,27,7
1200,philippe pascal,2543,63,3,21,32,7
1206,xiiie,172,63,5,28,17,13
1208,godard,387,63,7,12,29,15
1209,greco,149,70,8,12,18,32
1210,voire,309,65,6,6,37,16
1214,europe 1,1049,63,9,10,42,2
1218,led zep,79,62,0,1,41,20
1223,arte concert,3408,63,17,5,17,24
1227,discograph,334,62,1,2,3,56
1232,alcina,3478,62,11,14,35,2
1234,mark e smith,690,63,0,10,39,14
1238,black lives matter,3265,65,2,26,32,5
1239,onj,175,62,0,13,35,14
1240,fender,1730,62,11,21,23,7
1244,pavarotti,71,61,15,13,19,14
1246,sarkozy,1256,61,4,4,42,11
1248,sonate,1030,62,6,23,11,22
1250,grm,2878,61,0,18,41,2
1251,canal+,561,61,7,25,18,11
1257,martin,4521,64,17,7,38,2
1263,tiktok,16140,61,8,34,19,0
1268,cavalli,1410,61,11,20,23,7
1270,laurent,37,61,9,23,23,6
1274,philharmonie de berlin,1450,61,9,23,8,21
1276,rostropovitch,1033,60,10,15,16,19
1278,goethe,1303,61,13,15,21,12
1281,philippe zdar,757,60,4,24,26,6
1282,moyen age,2028,85,19,23,33,10
1284,dan,2776,60,8,17,31,4
1286,stradivarius,288,61,9,21,27,4
1287,webern,91,60,4,16,21,19
1289,louis sclavis,261,60,0,26,24,10
1291,gallimard,384,60,11,27,15,7
1295,melody nelson,636,61,7,18,27,9
1299,rock & folk,1219,63,7,25,28,3
1304,scriabine,256,60,5,19,19,17
1305,didier varrod,9486,60,15,6,39,0
1306,yamaha,2023,60,5,32,17,6
1307,wozzeck,355,61,10,18,13,20
1308,capucon,10880,60,8,7,45,0
1309,julie,191,59,9,10,33,7
1315,premiere guerre mondiale,331,76,20,17,18,21
1316,marc bolan,343,59,3,12,25,19
1319,siegfried,335,59,21,9,9,20
1320,jordan,4365,60,25,14,20,1
1321,gil,4866,59,4,17,37,1
1324,concrete,6170,59,0,24,33,2
1325,sarah,70,59,9,22,23,5
1330,cantat,529,59,3,19,33,4
1332,classique,1363,73,7,27,22,17
1333,cd dg,76,59,0,0,0,59
1336,morricone,194,58,2,13,35,8
1337,georg solti,200,58,7,6,2,43
1339,snep,15298,86,5,24,57,0
1341,qobuz,9832,58,5,40,13,0
1344,diy,20144,59,0,10,49,0
1350,francofolies,2098,82,34,19,26,3
1351,jean,1027,112,16,20,57,19
1352,don quichotte,610,59,21,18,12,8
1353,tot,340,58,11,19,25,3
1354,anne marie paquotte,6,58,0,2,0,56
1355,graal,1259,87,15,23,36,13
1356,ipod,465,59,2,5,45,7
1358,mathieu,396,58,4,9,29,16
1359,poppee,480,58,10,6,14,28
1365,hallyday,460,58,5,25,26,2
1366,travailler,387,58,11,13,27,7
1372,martin scorsese,493,58,11,14,27,6
1377,turandot,2238,58,18,19,18,3
1381,dante,1221,57,6,20,19,12
1382,top 50,1411,59,3,3,46,7
1383,cat stevens,1724,57,3,7,33,14
1385,concerts,17839,66,4,58,2,2
1394,bolero,7,77,21,17,24,15
1396,guerre du vietnam,1942,57,8,11,32,6
1399,jazz in marciac,4506,60,15,18,26,1
1405,grammys,4314,59,0,20,36,3
1409,sunset,3152,58,0,28,26,4
1421,catherine,1312,57,11,22,17,7
1422,emmanuel macron,9740,56,16,28,12,0
1425,jack lang,1197,56,8,23,24,1
1430,red bull,21645,56,0,8,48,0
1434,laurel canyon,4534,58,13,19,17,9
1436,alain jean marie,339,61,0,43,11,7
1437,nadia boulanger,42,56,8,22,19,7
1440,saravah,519,55,11,15,22,7
1441,maxime pascal,2977,55,20,17,16,2
1448,patrice bardot,42114,55,0,0,55,0
1451,philharmonique de radio france,1197,62,38,3,17,4
1460,dvd,141,56,8,7,14,27
1461,victoire de musique,137,57,8,25,17,7
1463,imagine,1727,56,10,17,26,3
1464,benjamin millepied,8225,55,31,1,23,0
1469,fantaisie militaire,2229,59,11,18,28,2
1470,philippe hersant,1017,56,12,12,20,12
1475,amy,1283,54,6,11,32,5
1476,viiie,302,54,33,5,14,2
1478,lamar,4828,54,2,16,35,1
1486,mitchell,1316,54,5,12,20,17
1487,mederic collignon,117,56,1,18,30,7
1488,liberato,7302,55,0,47,4,4
1490,cd decca,513,54,1,1,0,52
1491,cesar,349,58,18,17,14,9
1493,juilliard school,1942,56,6,19,30,1
1494,cosi fan tutte,8841,106,19,34,27,26
1495,monde afrique,51554,107,0,107,0,0
1503,to pimp a butterfly,7246,61,1,23,34,3
1508,myspace,309,78,1,9,54,14
1511,mirare,1662,54,16,9,10,19
1512,johnson,155,53,14,7,22,10
1519,festival rock,3548,61,2,34,22,3
1521,black panthers,1484,55,0,10,36,9
1527,staline,172,53,2,23,20,8
1528,berger,4724,55,4,14,30,7
1531,beaupain,531,53,2,2,28,21
1535,shepp,6953,53,3,29,16,5
1538,k pop,29413,68,0,26,42,0
1540,zdar,13465,53,1,16,36,0
1542,medee,1340,54,13,18,3,20
1544,fred chichin,1223,53,3,13,14,23
1547,let it be,11268,65,6,35,19,5
1548,pierrot,301,54,8,17,12,17
1551,solal,639,53,0,36,5,12
1552,anglaise,1283,53,2,10,27,14
1555,martenot,692,52,8,14,15,15
1558,great black music,3663,61,0,9,44,8
1561,iolanta,3804,52,23,11,10,8
1566,presley,664,52,7,15,19,11
1573,gilda,6296,52,10,14,27,1
1574,jaroussky,2384,52,10,11,30,1
1575,sylvie,1171,52,6,5,38,3
1576,warhol,963,52,6,8,32,6
1577,hitchcock,370,52,5,9,21,17
1578,morrison,814,52,5,11,17,19
1579,gerard depardieu,563,53,20,8,19,6
1584,youtubotheque,49745,52,0,52,0,0
1585,sharon jones,3321,52,0,20,21,11
1587,playlist,1704,62,6,38,7,11
1589,route du rock,6657,113,1,31,77,4
1590,f c,49068,52,0,52,0,0
1598,sardou,652,51,14,12,22,3
1599,no format,2786,79,2,40,25,12
1600,philippe boesmans,1396,51,7,10,7,27
1601,belmondo,517,51,5,26,12,8
1611,mai 68,283,54,6,19,24,5
1613,beggars banquet,368,51,2,5,7,37
1614,hitler,5022,51,7,5,38,1
1617,werther,406,51,13,12,20,6
1618,eic,8385,51,11,26,14,0
1619,urss,298,51,7,13,18,13
1621,jean nouvel,1255,52,17,9,22,4
1625,gabriel,994,50,7,2,24,17
1627,thin white duke,4364,53,4,9,36,4
1628,flammarion,25,50,9,14,20,7
1629,new york philharmonic,283,50,15,5,24,6
1636,violetta,406,50,19,12,6,13
1641,christophe honore,1416,50,5,18,19,8
1642,apollinaire,461,50,8,15,15,12
1643,variations goldberg,1588,55,7,12,21,15
1645,peter,1041,52,4,13,23,12
1650,poutine,1515,50,13,2,32,3
1651,festival d'aix en provence,34084,140,26,49,30,35
1653,adamo,841,51,5,9,16,21
1654,ringo,108,50,7,12,15,16
1655,voyage d'hiver,694,72,13,8,15,36
1657,sondheim,4709,50,14,13,21,2
1661,trianon,4167,53,5,13,33,2
1663,fidelio,1163,51,15,15,2,19
1665,belin,396,49,1,4,30,14
1666,berklee college of music,1329,53,0,19,18,16
1668,thierry suc,9632,49,4,44,1,0
1670,nocturnes,626,51,2,8,24,17
1672,institut du monde arabe,2179,52,1,21,29,1
1674,paques,1199,49,6,21,13,9
1675,shadow,143,49,1,11,31,6
1681,halloween,1130,49,7,5,32,5
1683,pierrick pedron,3709,75,0,39,7,29
1685,seconde,618,60,13,13,19,15
1687,pina bausch,1895,49,10,11,25,3
1693,daniel,3143,50,7,11,24,8
1696,blu ray,2318,55,9,17,7,22
1697,en attendant,7839,49,6,9,34,0
1699,vendredi,9824,50,6,2,42,0
1700,enee,784,59,9,21,15,14
1701,manuel de falla,476,50,6,16,10,18
1702,goldman,123,50,18,8,18,6
1706,mick,1565,49,6,11,23,9
1707,tricatel,886,49,7,10,23,9
1709,choeur,139,61,20,9,1,31
1712,trans musicales de rennes,2149,49,0,23,19,7
1713,bible,994,99,2,22,57,18
1718,forbes,14023,48,4,17,27,0
1719,france 3,2052,48,10,13,24,1
1723,tetralogie,157,53,11,9,4,29
1724,simon reynolds,12352,48,1,10,37,0
1725,cd universal,110,48,0,1,0,47
1728,harvest,944,48,16,9,8,15
1731,tom jobim,16,48,4,20,10,14
1732,fellini,387,48,7,9,25,7
1736,tom,657,48,2,20,22,4
1738,eurosonic,22201,48,0,30,18,0
1739,tupac,2006,48,1,3,40,4
1741,melingo,1883,48,0,14,24,10
1742,charlie hebdo,4928,49,3,27,18,1
1744,cd domino,576,48,0,0,0,48
1750,jacques canetti,1,48,7,13,23,5
1755,daniele gatti,1222,47,25,10,4,8
1756,charpentier,770,47,8,13,9,17
1758,orchestre national de jazz,175,52,1,17,21,13
1761,cobain,762,47,2,5,37,3
1766,mercury prize,4371,48,3,11,32,2
1769,manfred eicher,299,48,1,24,8,15
1771,cd pias,3,47,0,0,0,47
1773,malcolm,1969,47,7,7,30,3
1774,gaveau,1462,47,8,8,12,19
1779,hyperdub,23658,47,0,3,44,0
1780,jean baptiste roch,2799,47,0,0,0,47
1782,bretons,3329,47,5,13,24,5
1789,alexandre,2223,47,12,6,27,2
1790,ipad,10150,49,3,11,35,0
1792,tcherniakov,6193,46,21,3,20,2
1796,union europeenne,1662,48,8,13,26,1
1799,americana,2091,77,16,10,30,21
1802,abeille musique,50,47,1,0,2,44
1804,salonen,7514,46,31,3,11,1
1807,party,1146,57,6,18,16,17
1810,interscope,219,46,2,9,24,11
1818,moustaki,221,47,1,8,25,13
1819,cantor,592,46,6,8,6,26
1821,carnegie hall,4734,46,10,11,20,5
1824,orchestre national de lyon,3625,48,14,25,7,2
1827,barenboim,1221,70,28,13,22,7
1828,enfers,948,46,2,6,16,22
1829,bonnie prince billy,761,46,1,0,11,34
1830,tarantino,513,46,2,1,35,8
1831,reynaldo hahn,2185,46,6,9,16,15
1833,blurred lines,8839,46,1,14,31,0
1834,will,1718,47,1,6,37,3
1842,orchestre de l'opera,8100,51,43,6,2,0
1843,maurice bejart,2245,45,17,4,19,5
1844,aretha,2510,45,8,6,28,3
1854,ferrat,2402,45,15,4,13,13
1856,mitterrand,2083,45,5,7,30,3
1859,lissner,8535,45,34,2,9,0
1860,stephane jarno,61,45,0,0,0,45
1861,epic,227,62,1,18,22,21
1863,rires,9452,45,15,0,30,0
1864,festival de cannes,2162,59,13,20,17,9
1865,tannhauser,822,49,10,11,13,15
1867,lubat,12366,45,1,25,19,0
1869,cd blue note,70,45,0,0,0,45
1870,jobim,162,45,8,5,19,13
1873,next day,4003,49,1,13,28,7
1874,diffusion,8154,45,42,0,3,0
1875,nocturne,127,45,2,15,7,21
1876,golaud,1456,45,6,10,16,13
1881,fab four,755,47,5,27,6,9
1883,dvorak,1515,78,11,30,15,22
1884,johnny rotten,648,45,0,9,31,5
1887,crammed,40,45,0,8,20,17
1891,pareil,971,44,7,5,24,8
1892,win butler,353,44,0,15,18,11
1893,fayard,2383,44,10,15,8,11
1897,rodrigo,4852,44,12,7,22,3
1899,birkin,1071,44,0,21,12,11
1901,columbia records,12116,44,4,28,12,0
1902,romeo castellucci,2974,46,17,13,14,2
1903,nelson mandela,3223,44,9,11,19,5
1910,apollon,103,45,10,10,7,18
1913,concert,2522,86,8,52,21,5
1914,xxl,1227,44,5,11,23,5
1916,montand,1856,44,15,4,22,3
1917,matthias pintscher,8415,45,9,21,15,0
1918,crammed discs,40,44,0,11,22,11
1920,thomas bramerie,1812,44,0,29,3,12
1923,areski,837,44,1,9,22,12
1925,cloclo,1371,44,11,4,19,10
1934,celine,4376,45,2,14,28,1
1938,pergolese,1999,44,8,15,12,9
1941,chromecast,51027,49,0,49,0,0
1946,ortf,374,43,5,9,25,4
1947,hammond,1040,43,1,18,13,11
1950,walkyrie,157,77,18,14,22,23
1951,boiler room,14665,43,1,2,40,0
1952,xl recordings,8881,43,2,12,29,0
1954,liam,2015,43,1,14,27,1
1957,petrouchka,231,43,6,7,6,24
1958,soundcloud,31790,55,0,21,34,0
1960,tsugi radio,38277,43,0,0,43,0
1964,angus young,2414,43,17,11,11,4
1968,sophia domancich,1063,43,0,26,11,6
1971,jacob desvarieux,14706,43,1,30,12,0
1972,forsythe,8844,43,29,0,14,0
1976,moussorgski,932,43,9,12,12,10
1977,marcel duchamp,873,43,8,5,27,3
1978,florian,2197,44,2,36,5,1
1980,gardiner,592,43,16,5,16,6
1981,cd mercury,61,43,0,0,0,43
1987,pet sounds,380,44,5,11,19,9
1989,rap,2519,44,0,17,24,3
1992,bartoli,1352,43,9,5,28,1
1994,napoleon,1022,44,10,6,24,4
1995,hindemith,147,42,6,7,15,14
2000,third man records,4314,43,8,12,22,1
2003,salle gaveau,8348,42,19,20,3,0
2009,guy manuel de homem christo,3915,43,3,14,21,5
2011,jean luc choplin,1462,42,13,13,15,1
2018,racine,1677,42,7,9,18,8
2023,pascal negre,1219,42,2,20,19,1
2025,mur,963,46,9,12,19,6
2031,art rock,20959,44,0,8,36,0
2034,daniel colling,3482,42,5,14,21,2
2036,philhar,7929,42,31,11,0,0
2037,olivier mantei,8647,46,29,14,2,1
2038,cd mirare,267,42,1,0,0,41
2042,cd world village,365,42,0,0,0,42
2043,hdmi,51458,42,0,42,0,0
2049,darc,1173,42,4,1,28,9
2052,questlove,1827,44,1,5,32,6
2055,boogaerts,6,42,0,12,14,16
2056,menuhin,1625,43,14,17,7,5
2057,president de republique,2768,42,7,19,14,2
2059,olivier nusse,17127,41,8,26,7,0
2061,festival berlioz,5754,43,28,10,4,1
2062,depardieu,3832,41,14,15,8,4
2063,truffaut,340,41,14,3,14,10
2068,dmitri tcherniakov,2508,42,13,7,10,12
2075,frank,1590,41,9,8,18,6
2076,jean benoit dunckel,1019,42,5,4,24,9
2077,miley,31874,41,0,0,41,0
2078,rattle,7858,41,22,10,9,0
2081,krzysztof warlikowski,1526,41,10,12,10,9
2084,scorsese,2,41,4,4,27,6
2088,revolution,1214,122,15,46,48,13
2089,saint laurent,1847,45,2,7,30,6
2090,written on skin,8154,45,16,12,16,1
2091,lso,4693,41,18,17,3,3
2099,grieg,932,41,3,14,15,9
2103,balzac,1332,44,13,8,18,5
2104,richards,1054,41,11,8,9,13
2106,festival banlieues bleues,2439,43,0,14,27,2
2110,xenakis,3433,40,8,8,20,4
2111,ina,755,42,11,10,9,12
2112,albarn,1676,40,5,16,11,8
2113,cendrillon,2996,41,10,9,15,7
2114,greil marcus,11310,40,2,7,31,0
2115,naissance a,20141,40,0,2,38,0
2116,murphy,690,40,6,9,19,6
2117,kate tempest,6610,40,1,10,24,5
2118,steve jobs,8888,40,6,3,31,0
2119,horowitz,9690,40,4,3,33,0
2120,station to station,2895,45,2,8,31,4
2122,folle journee de nantes,1662,68,20,22,13,13
2123,orchestre national de lille,2789,43,14,18,5,6
2124,joseph mount,3164,40,4,7,25,4
2127,gerard pesson,2452,40,3,22,0,15
2128,gerard manset,45,42,6,7,17,12
2133,stanley kubrick,4617,40,1,20,16,3
2134,ubu,396,40,2,4,31,3
2135,marine pen,3556,40,7,9,20,4
2136,body & soul,1025,48,0,12,30,6
2137,stratocaster,963,40,12,6,17,5
2138,rudy ricciotti,2974,40,0,4,34,2
2142,steve albini,1607,40,2,10,23,5
2144,temoin,1027,40,9,5,19,7
2145,tupac shakur,1483,40,1,9,27,3
2146,jimi,1203,40,6,8,22,4
2151,lynch,194,40,2,3,32,3
2153,coleman,382,40,2,13,16,9
2154,frank madlener,2154,40,3,20,11,6
2156,bonne,2186,40,7,13,17,3
2160,emmanuelle seigner,1855,40,2,12,19,7
2161,djs,4721,44,0,12,31,1
2167,culturebox,4859,42,4,9,15,14
2170,cinquieme,701,40,8,9,8,15
2171,don juan,320,39,4,6,7,22
2172,yesterday,755,39,11,9,16,3
2175,david krakauer,627,39,0,6,17,16
2180,thatcher,487,40,5,5,19,11
2181,riccardo del fra,614,44,1,33,0,10
2183,malcolm young,5286,39,4,10,24,1
2185,francoise nyssen,12868,42,18,9,15,0
2186,jean rochard,3663,39,0,24,12,3
2191,wolfgang,672,39,3,5,4,27
2193,hunky dory,1835,39,0,9,21,9
2194,gallagher,1224,39,3,10,19,7
2195,daphnis,2138,39,12,9,13,5
2196,yeezus,3868,39,0,6,31,2
2197,dfa,690,39,1,0,36,2
2199,meyerbeer,691,39,10,10,6,13
2201,don carlo,471,39,7,13,9,10
2205,chamfort,854,39,12,1,12,14
2209,inrockuptibles,4719,70,6,35,27,2
2210,fanny ardant,618,41,11,9,15,6
2211,schutz,222,40,1,4,6,29
2213,marseillaise,1893,67,24,23,15,5
2219,wolfgang rihm,4827,39,6,26,3,4
2220,casse noisette,5074,45,27,3,14,1
2221,madame butterfly,428,39,15,11,4,9
2224,ump,1462,39,1,13,24,1
2226,you want it darker,3334,48,6,24,13,5
2227,concerto pour piano,3010,40,7,14,9,10
2229,sofia coppola,1019,39,3,7,25,4
2232,danois,1853,39,4,7,22,6
2233,boris,97,39,4,6,20,9
2238,george floyd,2992,39,2,20,13,4
2239,weber,691,39,8,17,5,9
2240,happy,2960,40,7,6,26,1
2241,brian,806,39,5,3,25,6
2243,abd al malik,330,67,3,18,23,23
2244,soul,803,42,4,9,17,12
2246,antiquite,312,39,12,10,7,10
2249,ecossais,443,38,0,7,23,8
2251,barbagallo,2975,38,0,15,16,7
2255,macron,3049,38,6,9,21,2
2257,marie trintignant,13576,38,2,13,23,0
2258,front national,7202,42,3,18,19,2
2260,dolce volta,2835,45,15,12,4,14
2264,njp,25338,38,0,32,6,0
2265,coupe du monde,1643,38,3,11,20,4
2270,grand prix,2951,58,12,27,12,7
2272,horses,449,38,5,9,15,9
2275,french,463,38,1,14,20,3
2277,marguerite,1300,39,14,7,12,6
2281,francis falceto,170,38,0,7,26,5
2283,tristan murail,2768,38,3,18,7,10
2287,creator,6840,50,0,17,28,5
2289,monte young,3175,40,0,7,30,3
2290,let's dance,7988,64,8,20,35,1
2292,neuvieme,82,39,23,5,1,10
2295,marley,920,38,0,7,22,9
2301,wikipedia,4740,47,2,8,35,2
2304,konono,1940,38,0,4,27,7
2306,russe,172,38,5,13,16,4
2307,kompakt,4005,39,0,0,34,5
2308,born bad records,1964,39,1,8,16,14
2309,gall,410,38,3,10,21,4
2311,opera national de paris,2295,39,16,7,7,9
2313,mstislav rostropovitch,1059,38,5,13,1,19
2317,petit prince,4473,44,5,10,24,5
2320,remy kolpa kopoul,1818,39,2,5,27,5
2322,samson,1426,37,11,12,4,10
2324,cash,284,37,5,6,10,16
2325,lakme,6176,37,11,15,8,3
2326,pepper',287,39,1,3,25,10
2329,angel,532,37,0,12,18,7
2330,tyler,6840,37,0,11,23,3
2331,zemlinsky,746,37,4,7,21,5
2336,reflektor,3069,37,5,6,18,8
2340,orchestre national,784,39,23,5,2,9
2344,skype,7896,37,4,6,27,0
2345,aubert,45,37,13,10,6,8
2347,theo,1917,42,0,20,17,5
2348,hair,129,37,0,4,27,6
2350,jean genet,354,37,4,10,15,8
2354,matthieu,9081,37,5,23,9,0
2355,salieri,180,37,9,12,0,16
2358,woody allen,187,38,5,6,20,7
2359,chereau,2052,37,13,3,20,1
2361,ziggy,1155,38,1,2,30,5
2365,eric,391,42,10,9,19,4
2366,maestro,310,43,5,19,12,7
2368,nouveau monde,4612,45,7,10,20,8
2369,delpech,652,37,14,0,12,11
2371,smadj,772,37,0,15,17,5
2372,veronique mortaigne,2161,37,0,34,2,1
2374,philippe manoeuvre,38465,57,14,21,19,3
2382,scott,217,37,1,5,17,14
2385,houellebecq,1718,36,3,8,20,5
2387,sean lennon,1501,36,5,3,22,6
2391,beatle,769,36,10,10,11,5
2393,swinging london,4011,36,5,10,16,5
2395,linda,158,37,16,6,7,8
2397,maria schneider,432,37,2,10,7,18
2398,mpb,931,36,1,7,21,7
2399,luaka bop,3055,36,1,6,25,4
2400,pharrell,3050,36,3,5,24,4
2401,pamina,2828,36,9,10,8,9
2403,wim wenders,372,36,9,7,9,11
2405,lee,713,36,0,5,16,15
2407,tim burton,521,36,10,5,11,10
2408,madeleine,707,41,6,12,18,5
2410,ron wood,526,36,6,12,8,10
2411,orchestre,2616,40,18,7,12,3
2412,dave liebman,1735,36,0,24,4,8
2413,baby,1827,39,0,17,18,4
2415,stills & nash,1267,45,10,15,8,12
2416,marc,1505,37,5,11,11,10
2417,erard,183,41,4,8,1,28
2418,conservatoire national superieur de musique & de danse de paris,5365,36,1,19,12,4
2420,harold,1373,36,4,21,1,10
2421,piazzolla,1042,36,0,21,7,8
2422,president,5068,38,0,2,34,2
2426,katia,8769,36,19,2,15,0
2427,studio de l'ermitage,1064,71,0,18,51,2
2431,francesco cavalli,975,36,4,13,7,12
2432,peter eotvos,200,39,12,8,7,12
2433,prix nobel de litterature,11876,56,12,28,16,0
2434,marianne,818,37,8,8,17,4
2435,raison,227,36,9,4,15,8
2437,gti,35195,36,0,0,36,0
2442,dostoievski,1421,36,5,3,21,7
2443,drive,3073,36,1,5,28,2
2444,castellucci,2974,36,14,7,14,1
2446,eglise,890,43,7,11,15,10
2448,trans musicales,2149,39,5,14,18,2
2449,reprise,1581,39,11,8,9,11
2451,carlos santana,1027,36,2,13,14,7
2452,ensemble,35,36,4,12,10,10
2453,gilmour,5034,36,7,20,3,6
2454,money,963,38,4,10,20,4
2457,sartre,971,36,6,3,20,7
2459,a love supreme,3242,39,1,21,12,5
2464,nicolas joel,3503,52,20,4,14,14
2468,nrj,3838,36,1,4,30,1
2473,ballet de l'opera de paris,8225,39,30,2,7,0
2482,ferber,4429,35,9,10,14,2
2485,lazarus,1716,35,1,16,15,3
2486,folies bergere,530,46,20,5,17,4
2490,bardot,329,36,2,6,16,12
2492,adami,9253,35,4,17,14,0
2494,talitres,1911,35,0,7,25,3
2496,xavier lacavalerie,867,35,0,0,0,35
2497,benjamin lebeau,4134,35,8,6,16,5
2499,agence france presse,42091,38,0,36,2,0
2500,colin davis,74,35,4,13,3,15
2502,johnny b goode,2649,35,2,9,22,2
2503,orchestre philharmonique de berlin,1728,38,6,14,6,12
2506,philippe decoufle,413,39,4,4,25,6
2507,mezzo,1734,39,15,5,13,6
2510,messie,264,37,4,6,8,19
2512,warlikowski,9721,35,13,3,19,0
2514,carsen,8139,36,20,0,16,0
2523,jamie,1555,35,2,8,7,18
2524,melodie,18,38,0,9,12,17
2525,apocalypse,1021,36,0,12,18,6
2526,yeti,26528,35,0,33,2,0
2528,prophete,994,36,9,12,11,4
2529,visconti,1349,35,4,9,15,7
2531,kate,459,36,3,10,17,6
2532,mustang,1889,36,4,2,23,7
2533,pascal,35,40,9,16,11,4
2535,toscanini,2204,35,9,6,12,8
2536,rfi,3550,35,0,6,15,14
2538,tommy,1306,35,7,5,15,8
2541,pinocchio,1197,35,4,8,11,12
2542,victoires de musique classique,7839,39,8,21,10,0
2543,william blake,628,36,4,6,16,10
2544,oum kalsoum,880,35,0,6,18,11
2548,summer of love,6731,45,5,13,20,7
2549,atys,1334,35,1,5,1,28
2550,days off,9277,35,2,8,25,0
2551,nigel godrich,313,35,7,13,9,6
2552,marie helene soenen,3042,35,0,0,0,35
2554,timber,3539,35,2,7,20,6
2557,single,1242,36,0,5,4,27
2558,chaplin,1916,35,15,4,14,2
2559,strut,5370,35,3,5,22,5
2561,genet,2303,35,2,2,21,10
2562,sfa,20130,36,0,1,35,0
2565,te deum,515,35,5,12,3,15
2566,peter pan,383,35,5,6,20,4
2568,assis,7,39,5,15,18,1
2574,tony,1337,38,3,7,16,12
2575,max martin,3270,34,0,9,23,2
2576,reste,3284,35,4,1,22,8
2579,world circuit,395,34,1,8,6,19
2581,banlieues bleues,20433,50,0,14,31,5
2582,robert wilson,428,34,16,7,2,9
2583,bergman,392,34,7,6,16,5
2584,toy,3241,36,3,4,25,4
2585,ok computer,1187,35,2,16,13,4
2586,brunnhilde,157,35,15,5,2,13
2587,emmanuel de buretel,1219,34,3,8,18,5
2590,balavoine,952,34,11,3,13,7
2594,edith fambuena,1535,42,8,11,12,11
2596,folle journee,1884,59,21,14,10,14
2601,nouveau casino,1987,38,1,3,32,2
2605,bruel,1856,34,3,23,5,3
2608,susanna malkki,2618,35,14,7,1,13
2610,aeg,19342,34,3,21,10,0
2621,concertgebouw,539,34,7,11,4,12
2622,kasse mady diabate,786,35,1,18,9,7
2626,messe,35,38,7,6,16,9
2627,autre distribution,556,35,0,6,5,24
2629,balanchine,9134,34,21,1,12,0
2630,our love,7292,36,0,2,31,3
2631,beart,13606,35,6,10,19,0
2634,france culture,1765,35,5,6,22,2
2637,jamie hewlett,3291,34,1,11,19,3
2640,pasteur,103,38,3,8,18,9
2644,cd az,37,35,0,0,0,35
2645,shazam,15951,34,2,7,25,0
2651,francois mitterrand,2681,35,7,7,18,3
2658,correspondances,1917,37,6,6,8,17
2659,peter brook,826,35,10,11,12,2
2661,petrenko,3123,34,11,8,14,1
2662,r & b,6217,37,1,27,8,1
2663,festival d'aix,8147,81,25,13,37,6
2664,cunningham,11681,34,22,4,8,0
2671,veloso,162,34,5,19,4,6
2674,premier,722,35,0,17,14,4
2675,academie du jazz,336,36,0,19,6,11
2676,francesco filidei,2035,34,6,17,7,4
2677,london calling,792,36,2,5,19,10
2681,bernard,3429,34,4,8,18,4
2683,john bonham,79,33,2,4,18,9
2684,red hot,279,33,0,9,15,9
2685,transformer,963,35,3,4,20,8
2687,voix humaine,1536,42,4,13,7,18
2690,suburbs,3069,34,3,8,16,7
2694,alive,5401,34,3,10,19,2
2698,japonais,4982,33,4,6,21,2
2707,ginger,3730,33,6,8,14,5
2709,brecht,354,33,10,3,15,5
2713,djing,24653,35,0,14,21,0
2714,allen ginsberg,673,33,0,11,18,4
2717,sergio leone,2909,33,3,11,17,2
2722,madchester,1630,33,0,3,27,3
2723,alceste,2046,33,8,4,14,7
2724,rene char,261,33,4,14,9,6
2727,stairway to heaven,5941,38,0,16,20,2
2729,laurent pelly,1536,33,12,11,3,7
2731,rio loco,21138,33,0,16,17,0
2737,silence,3122,36,4,11,17,4
2740,lee perry,213,33,0,7,14,12
2742,lady macbeth,1113,34,5,15,3,11
2743,diaghilev,172,33,13,1,5,14
2744,paul thomas anderson,523,33,5,5,20,3
2747,festival de saint denis,2616,41,17,5,9,10
2748,wanderer,5898,35,5,16,11,3
2751,cale,2692,34,4,17,10,3
2756,ferguson,5181,33,0,5,25,3
2757,didier,199,34,2,17,13,2
2759,harvard,2008,33,3,7,18,5
2760,festival de bayreuth,335,55,16,12,4,23
2764,grecs,610,33,5,8,15,5
2765,gaby,879,33,6,11,10,6
2772,fils,6587,33,6,20,5,2
2773,reggiani,1,32,3,4,17,8
2776,william burroughs,590,32,1,7,18,6
2777,guillaume tell,4437,33,14,14,4,1
2778,saturday night live,10016,33,3,9,20,1
2779,chris martin,1090,32,3,15,5,9
2783,matador,1280,32,5,9,12,6
2786,edm,5945,32,0,11,19,2
2787,gaspard,7,32,4,5,10,13
2789,thomas jolly,8651,32,19,8,5,0
2790,aladdin sane,3028,33,1,7,23,2
2795,canal +,9901,32,8,0,24,0
2800,marielle,8640,32,18,3,11,0
2803,philippe leroux,11035,32,1,31,0,0
2804,wotan,157,32,9,2,8,13
2808,phil,25979,38,3,9,26,0
2809,fbi,5068,32,5,5,21,1
2816,korngold,2052,32,6,10,12,4
2817,bird,376,36,1,16,4,15
2819,cd alpha,535,32,5,0,0,27
2820,thesee,948,32,3,6,4,19
2822,nicole mitchell,24225,33,0,5,28,0
2823,cd because,284,32,0,0,0,32
2825,snake,40832,32,0,25,7,0
2826,impossible,4489,34,6,8,15,5
2830,harding,6214,32,11,12,8,1
2839,nancy jazz pulsations,22266,32,0,22,10,0
2840,amir,2927,32,3,16,11,2
2841,doherty,1305,32,1,4,8,19
2842,peter saville,7391,32,1,5,25,1
2843,townshend,1776,32,1,7,5,19
2844,diane,413,32,2,7,18,5
2845,seb martel,260,32,1,8,17,6
2846,comelade,3568,32,11,8,10,3
2847,eicher,65,32,1,11,14,6
2849,fontaine,381,53,13,16,12,12
2850,nash,1341,32,5,12,5,10
2855,thiefaine,361,32,3,5,12,12
2856,dragonfly red,50991,32,0,32,0,0
2857,claude samuel,2355,33,11,20,1,1
2860,michel fau,8013,32,18,8,6,0
2863,groupe de recherches musicales,3842,32,0,11,20,1
2865,caetano,942,32,3,15,13,1
2867,france televisions,8781,32,9,8,15,0
2873,sacre,1736,55,21,6,14,14
2874,george sand,344,33,3,11,11,8
2875,centquatre,23866,32,0,1,31,0
2877,ballades,1950,31,2,11,13,5
2878,solaar,952,32,2,19,6,5
2880,platee,3740,31,8,11,9,3
2881,parti,5692,31,4,10,16,1
2889,byrne,2230,31,0,14,7,10
2891,reich,1255,32,0,4,21,7
2892,kerouac,682,31,2,3,16,10
2893,strange fruit,419,31,3,4,10,14
2896,portee,288,31,2,4,16,9
2898,patrick,2476,32,2,12,15,3
2899,olivier,721,31,2,8,19,2
2900,parti communiste,8690,32,4,13,15,0
2902,kavinsky,3073,31,5,5,19,2
2909,ali baba,143,33,5,5,12,11
2910,renaud letang,2596,34,5,8,10,11
2919,sheller,137,31,2,7,8,14
2920,rough trade,2152,31,5,4,16,6
2924,modigliani,4038,31,9,5,13,4
2928,modulor,2791,31,1,5,3,22
2935,esprit,8841,31,4,8,19,0
2937,young americans,2895,31,0,9,19,3
2939,pink,3448,31,1,8,19,3
2940,matthieu pigasse,19342,32,1,16,15,0
2943,centre de musique baroque de versailles,27,31,7,2,5,17
2944,sinfonia,91,31,5,5,5,16
2947,back to black,9838,46,3,5,34,4
2949,elli,1766,31,0,3,16,12
2951,falstaff,180,31,12,11,4,4
2952,bruno,481,35,4,10,18,3
2954,ella,1351,31,0,18,4,9
2955,jean paul gaultier,11878,38,9,8,21,0
2960,alagna,8844,31,13,12,6,0
2967,exile on main street,242,34,8,5,10,11
2968,jean jaures,5697,33,0,3,28,2
2969,armide,379,31,2,7,0,22
2970,cerise,107,31,3,8,11,9
2971,thierry,957,31,4,21,5,1
2972,avec temps,4890,31,6,11,11,3
2973,jean louis,849,31,4,5,21,1
2974,hipgnosis,3059,31,4,5,20,2
2977,papageno,2119,31,6,7,12,6
2979,becaud,1824,31,13,3,7,8
2981,turner,1504,31,0,6,6,19
2982,surprise,799,34,1,8,18,7
2984,ralf hutter,594,32,2,6,21,3
2985,beak,24909,36,0,4,32,0
2986,sarastro,169,31,11,7,5,8
2987,woodstock,242,31,3,5,12,11
2988,andrew,2293,31,7,0,18,6
2992,walt disney,2577,31,2,14,11,4
2994,raw power,1607,31,1,3,21,6
2998,basquiat,10635,31,6,9,16,0
3003,marlon,2094,31,1,7,15,8
3007,papaoutai,5735,31,8,5,15,3
3015,noces,379,38,14,4,12,8
3021,lo'jo,39,54,0,16,25,13
3022,jerome deschamps,2316,32,14,7,8,3
3028,farinelli,1857,30,4,5,11,10
3030,jean fauque,2051,30,9,8,9,4
3031,michka assayas,3951,31,8,5,13,5
3032,pascal humbert,8433,30,3,4,23,0
3033,melbourne,3039,30,1,5,19,5
3035,musilac,10436,30,2,18,10,0
3036,that',223,35,0,3,22,10
3039,auerbach,3955,30,7,7,9,7
3040,demos,12644,37,13,18,6,0
3041,neron,480,30,2,0,12,16
3042,bongo joe,3098,30,0,3,16,11
3043,iphigenie,884,30,2,12,3,13
3045,francois jeanneau,665,31,4,12,10,5
3046,tharaud,16538,30,2,12,16,0
3047,muti,11113,30,5,21,4,0
3053,vladimir poutine,2839,30,7,6,15,2
3054,dominique meyer,1462,30,9,8,9,4
3055,arthur teboul,6097,30,3,16,5,6
3056,creep,1187,30,0,12,9,9
3057,melies,749,31,5,7,15,4
3059,paris match,10684,32,5,7,20,0
3060,elise caron,393,34,2,4,8,20
3063,benjamin attahir,7385,30,3,17,7,3
3064,sublime frequencies,2078,30,0,6,21,3
3066,cd aparte,3023,33,0,1,0,32
3067,paris viiie,8105,31,29,0,2,0
3069,maurice,2138,30,9,4,13,4
3071,wayne,173,30,1,9,8,12
3072,furtwangler,4570,32,14,1,15,2
3074,boire,5500,30,9,11,8,2
3075,fanny,3067,30,15,12,2,1
3077,warner bros,1427,39,2,16,17,4
3079,mallarme,1115,30,4,8,7,11
3081,chevalier,355,41,11,10,7,13
3085,liberte,12616,33,2,9,22,0
3088,william forsythe,9725,30,16,0,14,0
3092,rimski korsakov,927,30,7,13,5,5
3093,angelo,3663,31,0,15,13,3
3094,taylor kirk,3539,30,1,9,14,6
3095,bejart,7917,30,24,0,6,0
3098,christophe miossec,11116,31,5,10,16,0
3101,eddie van halen,2094,30,0,15,13,2
3102,rodgers,1118,30,12,8,5,5
3103,grande guerre,3062,38,13,11,5,9
3105,oscar,1468,30,10,9,9,2
3106,pere noel,679,31,6,7,13,5
3108,labeque,4402,30,17,0,10,3
3112,in rainbows,11484,35,1,13,16,5
3113,dead,487,33,0,6,17,10
3115,camus,3496,33,6,3,22,2
3121,nash & young,2527,39,4,14,8,13
3124,jean louis foulquier,5595,30,11,6,12,1
3125,cd sony classical,232,30,2,0,0,28
3126,clint eastwood,990,30,6,9,10,5
3128,anglo saxons,1705,60,6,16,22,16
3131,shabaka hutchings,6119,30,0,9,17,4
3132,lush life,782,30,0,17,3,10
3133,daniel lopatin,4467,30,0,5,24,1
3135,heloise letissier,2864,32,3,17,11,1
3136,occupation,2317,30,4,10,11,5
3138,raphaele lannadere,4719,31,3,8,12,8
3143,lumieres,1982,30,7,5,8,10
3152,good,1676,34,4,12,8,10
3158,premier ministre,1344,30,0,2,26,2
3167,palestiniens,6016,31,2,6,20,3
3171,chamber music,1929,30,2,10,14,4
3172,mur de berlin,1515,35,3,11,16,5
3182,prelude a l'apres midi d'un faune,2138,41,5,10,11,15
3183,simon boccanegra,1549,30,8,4,7,11
3199,electric epic,4311,32,0,8,23,1
3204,formidable,5735,32,6,5,17,4
3213,kim kardashian,28313,30,0,11,19,0
3218,manifeste,5711,43,3,35,4,1
3222,gilbert coullier,10436,30,9,2,19,0
3233,quatre saisons,4629,41,9,5,21,6
3253,orchestre philharmonique de vienne,4731,30,4,19,5,2
3259,acte ii,9563,39,15,10,13,1
3266,brit,524,41,1,14,17,9
3277,premiere,82,32,3,13,11,5
3296,reserver,49105,30,0,30,0,0
3298,festival d'avignon,9057,50,12,15,23,0
3301,superbe,1936,42,7,7,13,15
3314,rencontre,699,30,8,4,17,1
3326,barbier de seville,1352,43,17,15,8,3
3338,nouvel an,4731,33,6,14,11,2
3341,mother,341,32,0,11,11,10
3348,contes d'hoffmann,1402,64,16,21,17,10
3349,sandra nkake,2891,31,6,11,10,4
3369,marcel proust,942,31,6,10,7,8
3383,help,1270,36,0,23,10,3
3390,sons d'hiver,20086,47,0,15,32,0
3398,sixto rodriguez,3936,30,2,2,22,4
3417,jazz magazine,1049,43,0,37,5,1
3422,my way,13544,31,6,4,17,4
3439,trouvere,520,46,15,9,17,5
3440,festival de lucerne,3822,39,13,8,4,14
3443,malcolm x,3867,31,0,12,12,7
3454,damnation de faust,850,38,8,12,10,8
3456,emilie,385,33,6,14,10,3
3474,debout,2709,34,5,15,11,3
3484,idiot,1483,33,2,8,16,7
3529,saint matthieu,1232,37,5,8,15,9
3560,dialogues carmelites,1402,33,4,9,7,13
3593,neuvieme symphonie,298,33,5,9,1,18
3610,d'oxford,313,34,2,8,13,11
3621,tour de france,791,33,4,5,23,1
3648,born in usa,963,38,3,13,16,6
3651,reuters,22925,35,0,1,34,0
3656,win,3548,31,0,2,25,4
3666,salut copains,2551,30,5,3,21,1
3671,requiem de mozart,7858,32,8,7,16,1
3686,roque d'antheron,10382,40,25,8,7,0
3689,metamorphoses,114,34,5,12,2,15
3692,legion d'honneur,1593,43,6,9,27,1
3695,girma beyene,1228,31,0,12,15,4
3701,lust for life,2798,35,1,14,14,6
3708,pitchfork festival,3164,36,1,10,24,1
3719,parisien,12109,31,2,11,18,0
3729,diam',21376,38,2,23,10,3
3735,deuxieme symphonie,91,30,2,13,1,14
3738,bolero de ravel,8805,36,7,6,20,3
3754,marteau sans maitre,417,38,4,9,8,17
3778,l'or du rhin,371,34,12,8,2,12
3787,musique,987,35,3,7,18,7
3835,clemence de titus,384,36,11,8,4,13
3839,sonar,24161,48,0,21,27,0
3842,light in attic,3936,32,9,2,13,8
3858,stephanie d'oustrac,1645,30,4,4,9,13
3888,trois baudets,1929,35,3,15,14,3
3898,meg,1443,32,0,2,20,10
3906,jeanne d'arc,465,37,9,10,8,10
3949,blues,617,34,2,14,11,7
4003,l'oiseau de feu,643,32,8,6,3,15
4060,divan du monde,140,42,3,5,31,3
4094,olivier benoit,32285,32,0,9,20,3
4134,born to run,7065,39,4,14,11,10
4182,blonde on blonde,1248,33,1,16,8,8
4197,damn,5906,43,2,18,19,4
4241,anne teresa de keersmaeker,10412,43,21,5,17,0
4257,gerard mortier,6342,44,9,12,14,9
4260,juifs,4064,45,2,2,32,9
4269,new yorker,5212,31,1,9,19,2
4270,venus,340,38,3,6,15,14
4279,syndicat national de l'edition,15298,39,4,11,24,0
4289,festival sons d'hiver,20156,45,0,9,36,0
4294,concours tchaikovski,6618,43,13,9,18,3
4297,cercle de l'harmonie,1942,44,9,2,11,22
4317,impulse,3242,43,0,11,15,17
4376,joao,32367,41,1,17,23,0
4386,festival manifeste,10342,32,7,21,4,0
4425,joshua tree,4521,35,7,14,11,3
4490,mac,23691,32,0,13,18,1
4507,rossignol,1734,30,4,5,8,13
4511,etienne,27541,35,13,8,14,0
4512,kind of blue,1320,31,1,12,9,9
4585,round midnight,1025,32,0,9,7,16
4598,orchestre national d'ile de france,28224,52,20,17,12,3
4602,blood on tracks,8106,31,7,8,8,8
4623,couronnement,480,37,9,6,11,11
4683,guns n'roses,41642,41,2,18,19,2
4704,festival musica,2035,38,15,10,7,6
4727,saul,3926,31,7,3,17,4
4731,vie en rose,985,34,7,11,12,4
4815,aviez,4731,36,11,5,19,1
4824,electric lady,5718,31,5,3,21,2
4888,pedal steel,2867,31,4,8,11,8
4930,nuits secretes,18721,34,5,13,16,0
4939,brit pop,1007,30,5,7,14,4
4964,festival de glyndebourne,1524,30,6,11,4,9
5040,festival d'ile de france,2509,48,2,7,28,11
5193,mamani keita,5147,36,0,14,12,10
5284,carnaval animaux,1495,32,9,10,5,8
5285,duc,8139,30,4,14,12,0
5290,king of limbs,23261,39,1,9,24,5
5339,born this way,22834,30,0,1,28,1
5359,point ephemere,21067,31,0,5,26,0
5367,concorde,3200,30,2,13,11,4
5391,bootleg series,2424,30,7,9,6,8
5442,rake's progress,438,32,9,0,13,10
5650,valse,23270,34,0,13,12,9
5752,belle au bois dormant,2494,30,11,9,6,4
5771,crepuscule dieux,1191,35,9,9,9,8
6080,let',285,32,0,13,7,12
6467,vaisseau fantome,691,36,14,5,7,10
6476,seigneur anneaux,3178,31,8,7,12,4
6947,prix de rome,1327,30,1,13,5,11
7014,pathe marconi,11628,30,8,7,14,1
7060,mama,4873,31,1,18,8,4
7079,temps,2768,35,2,7,18,8
7575,guerre d'algerie,1128,30,1,12,13,4
7813,mamma mia,18629,30,4,11,14,1
8437,sign o' times,16527,30,8,8,13,1
9533,oiseaux,4900,30,6,10,8,6
10132,times,7039,32,2,11,14,5
